id,sourceType,sourceUrl,author,date,rawText,normalizedText,productName,language,region
appstore-14211302605,app_store,https://apps.apple.com/us/app/spotify-music-and-podcasts/id324684580,user_8451a7,2026-06-23T04:15:11.505Z,"Holy - I love music so much. But on this MUSIC APP you have to pay if you even want to skip or listen to a song. It gives recommended songs and just adds it to your playlist. You cant skip them either. People shouldn’t have to pay to listen to music. YouTube is better, not what i use but just in general.","Holy - I love music so much. But on this MUSIC APP you have to pay if you even want to skip or listen to a song. It gives recommended songs and just adds it to your playlist. You cant skip them either. People shouldn't have to pay to listen to music. YouTube is better, not what i use but just in general.",Spotify iOS,en,US
appstore-14211087328,app_store,https://apps.apple.com/us/app/spotify-music-and-podcasts/id324684580,user_41440f,2026-06-23T04:15:11.507Z,stupid overpriced app - why even have a shuffle option if it doesnt work just get rid of it at this point. matter of fact get rid of the whole song suggestion algorithm. if ud like to see what spotify recommends u listen to just open tiktok,stupid overpriced app - why even have a shuffle option if it doesnt work just get rid of it at this point. matter of fact get rid of the whole song suggestion algorithm. if ud like to see what spotify recommends u listen to just open tiktok,Spotify iOS,en,US
appstore-14210982714,app_store,https://apps.apple.com/us/app/spotify-music-and-podcasts/id324684580,user_a18089,2026-06-23T04:15:11.507Z,Best app🥹 - I love it s much I can make playlist with me and my friends and I can listen to music while doing school work🥹✌🏻,Best app🥹 - I love it s much I can make playlist with me and my friends and I can listen to music while doing school work🥹✌🏻,Spotify iOS,en,US
appstore-14210926984,app_store,https://apps.apple.com/us/app/spotify-music-and-podcasts/id324684580,user_76abb9,2026-06-23T04:15:12.041Z,"More stars - Seven stars against it sleigh I can listen to all my favorite artists like katseye Tate McRae Billie Eilish, Olivia Rodrigo I love all those singers and I can listen to them all, and I can literally make a mix with them like my own playlist. I love you Spotify!!!!¡","More stars - Seven stars against it sleigh I can listen to all my favorite artists like katseye Tate McRae Billie Eilish, Olivia Rodrigo I love all those singers and I can listen to them all, and I can literally make a mix with them like my own playlist. I love you Spotify!!!!¡",Spotify iOS,en,US
appstore-14210855376,app_store,https://apps.apple.com/us/app/spotify-music-and-podcasts/id324684580,user_0f555b,2026-06-23T04:15:12.041Z,"hate this app - this is the most money hungry app ever. first, it was the 6 skips a day, now yall added a limit to how many songs we could choose! and not to mention, it doesn't even play the songs on our PL in order, its just on shuffle and you have to pay to do anything to your queue.","hate this app - this is the most money hungry app ever. first, it was the 6 skips a day, now yall added a limit to how many songs we could choose! and not to mention, it doesn't even play the songs on our PL in order, its just on shuffle and you have to pay to do anything to your queue.",Spotify iOS,en,US
appstore-14210714340,app_store,https://apps.apple.com/us/app/spotify-music-and-podcasts/id324684580,user_5165fb,2026-06-23T04:15:12.042Z,"wonderful!!! - I switched from YouTube music to Spotify recently, and DANG it’s sooo much better !! YouTube music has like ads every song, and without YT premium the song doesn’t play in the background! and that’s SO frustrating because I like to draw on procreate while listening to my playlist. Anyway, Spotify has ads like every 5 ish songs and it plays in the background!! I definitely recommend ! 💗💗","wonderful!!! - I switched from YouTube music to Spotify recently, and DANG it's sooo much better !! YouTube music has like ads every song, and without YT premium the song doesn't play in the background! and that's SO frustrating because I like to draw on procreate while listening to my playlist. Anyway, Spotify has ads like every 5 ish songs and it plays in the background!! I definitely recommend ! 💗💗",Spotify iOS,en,US
appstore-14210683859,app_store,https://apps.apple.com/us/app/spotify-music-and-podcasts/id324684580,user_b870d1,2026-06-23T04:15:12.042Z,Great music - Spotify has really good sound quality and good songs. The playlist option and the suggested songs are really convenient and easy to use. Overall it is very good!,Great music - Spotify has really good sound quality and good songs. The playlist option and the suggested songs are really convenient and easy to use. Overall it is very good!,Spotify iOS,en,US
appstore-14210621173,app_store,https://apps.apple.com/us/app/spotify-music-and-podcasts/id324684580,user_432433,2026-06-23T04:15:12.737Z,My Observation - Very good playlist recommendations,My Observation - Very good playlist recommendations,Spotify iOS,en,US
appstore-14210574207,app_store,https://apps.apple.com/us/app/spotify-music-and-podcasts/id324684580,user_922a0a,2026-06-23T04:15:12.737Z,"It’s great - Helps me, but a little bit repetitive","It's great - Helps me, but a little bit repetitive",Spotify iOS,en,US
appstore-14210572894,app_store,https://apps.apple.com/us/app/spotify-music-and-podcasts/id324684580,user_ea1dfc,2026-06-23T04:15:12.737Z,Awesome App - I’ve recently joined Spotify over the last week. My experience has been really pretty terrific. I’m able to add my favorite songs to a playlist. I’m able to find Spanish versions pretty quickly. My only disappointment is that there is not more Spanish covers of American music here than on YouTube. I cannot downgrade my five stars for that because app is so awesome.,Awesome App - I've recently joined Spotify over the last week. My experience has been really pretty terrific. I'm able to add my favorite songs to a playlist. I'm able to find Spanish versions pretty quickly. My only disappointment is that there is not more Spanish covers of American music here than on YouTube. I cannot downgrade my five stars for that because app is so awesome.,Spotify iOS,en,US
appstore-14210518698,app_store,https://apps.apple.com/us/app/spotify-music-and-podcasts/id324684580,user_79e298,2026-06-23T04:15:12.737Z,"If you don’t have premium it sucks - I don’t have premium because I don’t want to pay to listen to music and that used to be not a problem a just had to listen to a few ads and then it was great. But now it like you used your amount of skips in a day, and you have also used all of your picks. So if I’m listening to music a lot I’m just listening to “ suggested music” instead of just following what my playlist has they play some random bs.","If you don't have premium it sucks - I don't have premium because I don't want to pay to listen to music and that used to be not a problem a just had to listen to a few ads and then it was great. But now it like you used your amount of skips in a day, and you have also used all of your picks. So if I'm listening to music a lot I'm just listening to "" suggested music"" instead of just following what my playlist has they play some random bs.",Spotify iOS,en,US
appstore-14210419530,app_store,https://apps.apple.com/us/app/spotify-music-and-podcasts/id324684580,user_9a0298,2026-06-23T04:15:12.737Z,"Great but - Love the app, its great. Love that you can download playlist and all the stuff, but the ads are pretty frustrating to listen to especially.Otherwise a great app, definitely recommend","Great but - Love the app, its great. Love that you can download playlist and all the stuff, but the ads are pretty frustrating to listen to especially.Otherwise a great app, definitely recommend",Spotify iOS,en,US
appstore-14210278459,app_store,https://apps.apple.com/us/app/spotify-music-and-podcasts/id324684580,user_cc51e9,2026-06-23T04:15:12.737Z,"Unnecessary payments - I should not have to wait until the next day to be able to play songs in the order I want. There is no reason I should not be allowed to tap any song on my playlist. Musi had ads, but at least you were free to play whatever songs you wanted.","Unnecessary payments - I should not have to wait until the next day to be able to play songs in the order I want. There is no reason I should not be allowed to tap any song on my playlist. Musi had ads, but at least you were free to play whatever songs you wanted.",Spotify iOS,en,US
appstore-14210273039,app_store,https://apps.apple.com/us/app/spotify-music-and-podcasts/id324684580,user_95ba63,2026-06-23T04:15:12.737Z,Shuffle - Sure u guys get this a lot so as to why u haven’t fixed it is beyond me since it seems u guys keep bumping up the monthly price fix ur shuffle ive listened to the same 30-50 songs for the last 4 months I have over thousands of songs and yet i only hear a select few,Shuffle - Sure u guys get this a lot so as to why u haven't fixed it is beyond me since it seems u guys keep bumping up the monthly price fix ur shuffle ive listened to the same 30-50 songs for the last 4 months I have over thousands of songs and yet i only hear a select few,Spotify iOS,en,US
appstore-14210200529,app_store,https://apps.apple.com/us/app/spotify-music-and-podcasts/id324684580,user_1af3c7,2026-06-23T04:15:13.405Z,It’s “ok” - I think it’s a little bit off that I have to pay to listen to the songs I have on MY playlist and I can’t skip songs that I don’t wanna listen to and then they give me 30 ads before I can listen to any of the songs but other than that it’s a pretty good music app.,"It's ""ok"" - I think it's a little bit off that I have to pay to listen to the songs I have on MY playlist and I can't skip songs that I don't wanna listen to and then they give me 30 ads before I can listen to any of the songs but other than that it's a pretty good music app.",Spotify iOS,en,US
appstore-14210200210,app_store,https://apps.apple.com/us/app/spotify-music-and-podcasts/id324684580,user_7540af,2026-06-23T04:15:13.406Z,"JumpyIIYIIWizard was here - I love spotify they have been with me since the beginning and I appreciate all the new updates and musics going on. Especially the new DJ and how we can shuffle recommended songs, only way I was able to expand my music catalog. When I thought I had it all, better and newer music was unraveling for me. Music is life :) thank you Spotify God bless you and God bless your family. Idk what I would do with out you 😁","JumpyIIYIIWizard was here - I love spotify they have been with me since the beginning and I appreciate all the new updates and musics going on. Especially the new DJ and how we can shuffle recommended songs, only way I was able to expand my music catalog. When I thought I had it all, better and newer music was unraveling for me. Music is life :) thank you Spotify God bless you and God bless your family. Idk what I would do with out you 😁",Spotify iOS,en,US
appstore-14210179158,app_store,https://apps.apple.com/us/app/spotify-music-and-podcasts/id324684580,user_cb09a3,2026-06-23T04:15:13.406Z,"Amazing - Spotify is awesome. It has amazing music, playlists, and friends! Thank you for having such an awesome music app!","Amazing - Spotify is awesome. It has amazing music, playlists, and friends! Thank you for having such an awesome music app!",Spotify iOS,en,US
appstore-14210142652,app_store,https://apps.apple.com/us/app/spotify-music-and-podcasts/id324684580,user_f22ad2,2026-06-23T04:15:13.406Z,"Great - Love Spotify! I wish that when you shuffle music Spotify will play your ten same songs, we need more variety and new music. Dj X, our yearly mixes, give us more.","Great - Love Spotify! I wish that when you shuffle music Spotify will play your ten same songs, we need more variety and new music. Dj X, our yearly mixes, give us more.",Spotify iOS,en,US
appstore-14210057362,app_store,https://apps.apple.com/us/app/spotify-music-and-podcasts/id324684580,user_af4ef9,2026-06-23T04:15:13.406Z,"📉📉📉 - I LOVE Spotify, but you can really tell quality has gone down over the years. They’ve added too many features making the app feel cluttered. And don’t get me started on the pop-up ads for musicians not even close to my music taste. I can’t even open the app anymore without having to close an ad even though I pay the highest tier membership. Just because it’s not an audio ad, doesn’t mean it doesn’t count under the “no ads” membership I pay for. It’s all just getting too much.","📉📉📉 - I LOVE Spotify, but you can really tell quality has gone down over the years. They've added too many features making the app feel cluttered. And don't get me started on the pop-up ads for musicians not even close to my music taste. I can't even open the app anymore without having to close an ad even though I pay the highest tier membership. Just because it's not an audio ad, doesn't mean it doesn't count under the ""no ads"" membership I pay for. It's all just getting too much.",Spotify iOS,en,US
appstore-14210056127,app_store,https://apps.apple.com/us/app/spotify-music-and-podcasts/id324684580,user_09bf48,2026-06-23T04:15:13.406Z,"Iffy - I live Spotify but I am really tired of them changing stuff all of the time, and now I can’t even get on other apps while listening to my playlist because it cuts off.","Iffy - I live Spotify but I am really tired of them changing stuff all of the time, and now I can't even get on other apps while listening to my playlist because it cuts off.",Spotify iOS,en,US
appstore-14209998639,app_store,https://apps.apple.com/us/app/spotify-music-and-podcasts/id324684580,user_1aee38,2026-06-23T04:15:13.406Z,Radio feature needs improvement - The app is great overall. I just wish there was a better radio feature with random song generation for more discovery. Or if the smart shuffle could be controlled to be more frequent.,Radio feature needs improvement - The app is great overall. I just wish there was a better radio feature with random song generation for more discovery. Or if the smart shuffle could be controlled to be more frequent.,Spotify iOS,en,US
appstore-14209973341,app_store,https://apps.apple.com/us/app/spotify-music-and-podcasts/id324684580,user_636aa1,2026-06-23T04:15:13.406Z,"My go-to every day - I use Spotify every day when I’m driving in my car, cleaning at home, making art, whatever I happen to be doing. I have a playlist for everything; the best and worst moments of my life. Spotify has seen me through it all, and there’s never been a song I can’t find.","My go-to every day - I use Spotify every day when I'm driving in my car, cleaning at home, making art, whatever I happen to be doing. I have a playlist for everything; the best and worst moments of my life. Spotify has seen me through it all, and there's never been a song I can't find.",Spotify iOS,en,US
appstore-14209933510,app_store,https://apps.apple.com/us/app/spotify-music-and-podcasts/id324684580,user_147c1c,2026-06-23T04:15:13.406Z,Shuffle button - I love Spotify but god fix your shuffle button it doesn’t shuffle anything I hear the same songs all the time I have 900 songs and I listen for hours and daily but haven’t heard some of the songs ever iv added and heard a lot of the same songs,Shuffle button - I love Spotify but god fix your shuffle button it doesn't shuffle anything I hear the same songs all the time I have 900 songs and I listen for hours and daily but haven't heard some of the songs ever iv added and heard a lot of the same songs,Spotify iOS,en,US
appstore-14209578040,app_store,https://apps.apple.com/us/app/spotify-music-and-podcasts/id324684580,user_03006f,2026-06-23T04:15:14.101Z,Spotify sucks and they tryna scam u - Why do I have to pay almost $20 a month just for my playlist to play in order without other random songs playing? There’s so many ads to the point where Spotify should just be called “adify” having to listen to 4 ads just to listen to my music is insane and most of the ads are so stupid. And don’t get me started on skips because what do you man I have to pay to skip a song? Like what? And only 6 skips an hour?! Yea this app is a complete and utter SCAM!!,"Spotify sucks and they tryna scam u - Why do I have to pay almost $20 a month just for my playlist to play in order without other random songs playing? There's so many ads to the point where Spotify should just be called ""adify"" having to listen to 4 ads just to listen to my music is insane and most of the ads are so stupid. And don't get me started on skips because what do you man I have to pay to skip a song? Like what? And only 6 skips an hour?! Yea this app is a complete and utter SCAM!!",Spotify iOS,en,US
appstore-14209546941,app_store,https://apps.apple.com/us/app/spotify-music-and-podcasts/id324684580,user_1e2e96,2026-06-23T04:15:14.101Z,The new update - Ever since the new update it only allows me to skip it 6 times and I have to do premium to get infinite and the shuffle is so annoying but I still like the music,The new update - Ever since the new update it only allows me to skip it 6 times and I have to do premium to get infinite and the shuffle is so annoying but I still like the music,Spotify iOS,en,US
appstore-14209484850,app_store,https://apps.apple.com/us/app/spotify-music-and-podcasts/id324684580,user_2f4c01,2026-06-23T04:15:14.101Z,Shuffle problem - You guys have the worst shuffle ever . It replays the same songs doesn’t shuffle,Shuffle problem - You guys have the worst shuffle ever . It replays the same songs doesn't shuffle,Spotify iOS,en,US
appstore-14209414851,app_store,https://apps.apple.com/us/app/spotify-music-and-podcasts/id324684580,user_29a9cf,2026-06-23T04:15:14.101Z,"eh - Yeah, Spotify is good with its various amount of songs, but the constant ads constantly disturb me when I’m listening to my playlists. Also, why is Spotify able to play videos? Like, I’m not against it, but I thought Spotify was meant for just listening to music. Also, it’s outrageous that you need an account to listen to music. You can’t play music without an account, so you have to give Spotify your email, even though some people are against it and want to keep information like that private. They should let people play music for free! That way people can listen to Spotify whenever or however they want.","eh - Yeah, Spotify is good with its various amount of songs, but the constant ads constantly disturb me when I'm listening to my playlists. Also, why is Spotify able to play videos? Like, I'm not against it, but I thought Spotify was meant for just listening to music. Also, it's outrageous that you need an account to listen to music. You can't play music without an account, so you have to give Spotify your email, even though some people are against it and want to keep information like that private. They should let people play music for free! That way people can listen to Spotify whenever or however they want.",Spotify iOS,en,US
appstore-14209249500,app_store,https://apps.apple.com/us/app/spotify-music-and-podcasts/id324684580,user_6f26a4,2026-06-23T04:15:14.753Z,"“Shuffle” - It’s pretty good, but when I remove songs from my queue it just adds them back down the line to play. Additionally, it will play the same songs in the same order sometimes after a little bit of different songs and call that “shuffle”.","""Shuffle"" - It's pretty good, but when I remove songs from my queue it just adds them back down the line to play. Additionally, it will play the same songs in the same order sometimes after a little bit of different songs and call that ""shuffle"".",Spotify iOS,en,US
appstore-14208730334,app_store,https://apps.apple.com/us/app/spotify-music-and-podcasts/id324684580,user_79a5b7,2026-06-23T04:15:14.753Z,Too many ads and cannot turn off shuffle - Just because I don’t pay for premium doesn’t mean i should get 2 ads at the same time every 10 minutes,Too many ads and cannot turn off shuffle - Just because I don't pay for premium doesn't mean i should get 2 ads at the same time every 10 minutes,Spotify iOS,en,US
appstore-14208722828,app_store,https://apps.apple.com/us/app/spotify-music-and-podcasts/id324684580,user_478f41,2026-06-23T04:15:14.753Z,"""shuffle"" - the ""shuffle"" feature doesn't really work and you get the same songs in the same order till the ""algorithm""?!!! changes it based on a monthly basis???!","""shuffle"" - the ""shuffle"" feature doesn't really work and you get the same songs in the same order till the ""algorithm""?!!! changes it based on a monthly basis???!",Spotify iOS,en,US
appstore-14208519691,app_store,https://apps.apple.com/us/app/spotify-music-and-podcasts/id324684580,user_6b4f68,2026-06-23T04:15:14.753Z,Best Music App Easily - So good and it’s easy to use. Song recommendations are accurate and there’s a free trial to test it out!,Best Music App Easily - So good and it's easy to use. Song recommendations are accurate and there's a free trial to test it out!,Spotify iOS,en,US
appstore-14208392156,app_store,https://apps.apple.com/us/app/spotify-music-and-podcasts/id324684580,user_0f53da,2026-06-23T04:15:14.753Z,"Annoying algorithm and AI slop - The algorithm that Spotify uses presents playlists based on when you last played them, channeling you into playing the same things over and over again.  The ""Made for You"" playlists have no concept of genre.  In addition, there is an increasing amount if AI slop (e.g. ""Warm Pages) cluttering my recommendations and no way for me to edit or clean up.","Annoying algorithm and AI slop - The algorithm that Spotify uses presents playlists based on when you last played them, channeling you into playing the same things over and over again. The ""Made for You"" playlists have no concept of genre. In addition, there is an increasing amount if AI slop (e.g. ""Warm Pages) cluttering my recommendations and no way for me to edit or clean up.",Spotify iOS,en,US
appstore-14208319457,app_store,https://apps.apple.com/us/app/spotify-music-and-podcasts/id324684580,user_9c949d,2026-06-23T04:15:14.753Z,"Music Champ! - Love this music app. It has everything I need. Sharing, messaging, collaborating and even seeing and finding other people’s playlist to see how they would choose and cater their music to themselves. Love using Spotify because unlike Amazon Music, even if I forget to make my payment and the ads kick in, it doesn’t ruin my playlists. The ads just pop in every so often whereas Amazon Music doesn’t allow me to listen to my music the way I wish even while being forced to listen to ads. Spot on strategy Spotify! 🤘🎸🎧","Music Champ! - Love this music app. It has everything I need. Sharing, messaging, collaborating and even seeing and finding other people's playlist to see how they would choose and cater their music to themselves. Love using Spotify because unlike Amazon Music, even if I forget to make my payment and the ads kick in, it doesn't ruin my playlists. The ads just pop in every so often whereas Amazon Music doesn't allow me to listen to my music the way I wish even while being forced to listen to ads. Spot on strategy Spotify! 🤘🎸🎧",Spotify iOS,en,US
appstore-14208294252,app_store,https://apps.apple.com/us/app/spotify-music-and-podcasts/id324684580,user_f2497f,2026-06-23T04:15:14.753Z,Not the point down - What I was doing was just listening to my songs. I went on the playlist and it said after a certain amount of songs I picked. I couldn’t play those songs after a certain amount of times I played them so I just wanna play whatever you wanted to play in. It sucked four STARZ.,Not the point down - What I was doing was just listening to my songs. I went on the playlist and it said after a certain amount of songs I picked. I couldn't play those songs after a certain amount of times I played them so I just wanna play whatever you wanted to play in. It sucked four STARZ.,Spotify iOS,en,US
appstore-14207852414,app_store,https://apps.apple.com/us/app/spotify-music-and-podcasts/id324684580,user_81efcc,2026-06-23T04:15:15.415Z,Spotify - The songs need to be shuffled around more so you don’t here the same songs on your playlist,Spotify - The songs need to be shuffled around more so you don't here the same songs on your playlist,Spotify iOS,en,US
appstore-14207784344,app_store,https://apps.apple.com/us/app/spotify-music-and-podcasts/id324684580,user_272217,2026-06-23T04:15:15.415Z,Too many “ads” - I used to love this app and now I have to constantly dodge “featured artists” and turn off notifications. Why can’t I organize my playlists in folders that can be pinned to the top?,"Too many ""ads"" - I used to love this app and now I have to constantly dodge ""featured artists"" and turn off notifications. Why can't I organize my playlists in folders that can be pinned to the top?",Spotify iOS,en,US
appstore-14207660160,app_store,https://apps.apple.com/us/app/spotify-music-and-podcasts/id324684580,user_8227d7,2026-06-23T04:15:15.415Z,"Missing Key Opportunities - There are a few things missing from Spotify when compared to competition. First a true weekly offering of every new ALBUM not just singles of new music across genres like Apple Music. Secondly when searching for the newest album of an artist, Spotify does not list in chronological order. Lastly, I have no idea what songs others are listening to on new albums. It’s a complete cluster dependent on algorithms vs what the people are doing.","Missing Key Opportunities - There are a few things missing from Spotify when compared to competition. First a true weekly offering of every new ALBUM not just singles of new music across genres like Apple Music. Secondly when searching for the newest album of an artist, Spotify does not list in chronological order. Lastly, I have no idea what songs others are listening to on new albums. It's a complete cluster dependent on algorithms vs what the people are doing.",Spotify iOS,en,US
appstore-14207631668,app_store,https://apps.apple.com/us/app/spotify-music-and-podcasts/id324684580,user_ebc189,2026-06-23T04:15:15.415Z,"LOVE IT! - My Review: Spotify is an absolute 5/5! ⭐⭐⭐⭐⭐
I love this app so much. The music recommendations are always spot-on, and it basically knows exactly what I want to hear before I even do. Creating playlists is super easy, and being able to share them and make Blends with friends makes it even better. Plus, it connects perfectly to my phone, computer, and speakers without any glitches. Hands down the best app for music!","LOVE IT! - My Review: Spotify is an absolute 5/5! ⭐⭐⭐⭐⭐ I love this app so much. The music recommendations are always spot-on, and it basically knows exactly what I want to hear before I even do. Creating playlists is super easy, and being able to share them and make Blends with friends makes it even better. Plus, it connects perfectly to my phone, computer, and speakers without any glitches. Hands down the best app for music!",Spotify iOS,en,US
appstore-14207603715,app_store,https://apps.apple.com/us/app/spotify-music-and-podcasts/id324684580,user_66f7b4,2026-06-23T04:15:16.683Z,Kinda a complaint - I don’t really like the fact that all my songs are in shuffle because I don’t wanna pay a monthly payment. It’s really annoying that I only have 6 skips in an hour if I can’t even go back to a different song. But overall it’s good,Kinda a complaint - I don't really like the fact that all my songs are in shuffle because I don't wanna pay a monthly payment. It's really annoying that I only have 6 skips in an hour if I can't even go back to a different song. But overall it's good,Spotify iOS,en,US
appstore-14207599791,app_store,https://apps.apple.com/us/app/spotify-music-and-podcasts/id324684580,user_ae2bac,2026-06-23T04:15:16.683Z,"Good - Spotify is easily one of the best music streaming platforms out there. The interface is clean and easy to use, and it makes discovering new music feel effortless. I love how personalized the playlists are—especially Discover Weekly and Release Radar, which always seem to match my taste perfectly. The huge library means I can find almost any song or artist I’m looking for, and the ability to create and share playlists is a big plus.
The only downside is the ads on the free version, but overall, Spotify offers an amazing listening experience. If you enjoy music and want a platform that helps you explore new sounds while keeping all your favorites in one place, Spotify is definitely worth it.","Good - Spotify is easily one of the best music streaming platforms out there. The interface is clean and easy to use, and it makes discovering new music feel effortless. I love how personalized the playlists are—especially Discover Weekly and Release Radar, which always seem to match my taste perfectly. The huge library means I can find almost any song or artist I'm looking for, and the ability to create and share playlists is a big plus. The only downside is the ads on the free version, but overall, Spotify offers an amazing listening experience. If you enjoy music and want a platform that helps you explore new sounds while keeping all your favorites in one place, Spotify is definitely worth it.",Spotify iOS,en,US
appstore-14207564369,app_store,https://apps.apple.com/us/app/spotify-music-and-podcasts/id324684580,user_c4aa6d,2026-06-23T04:15:16.683Z,Over 10 years - I have been jamming to spotify for over 10 years now its no other music app like it love making my own playlist,Over 10 years - I have been jamming to spotify for over 10 years now its no other music app like it love making my own playlist,Spotify iOS,en,US
appstore-14207489146,app_store,https://apps.apple.com/us/app/spotify-music-and-podcasts/id324684580,user_4d62b2,2026-06-23T04:15:16.683Z,One flaw - I like how you can choose any music you want but only for a limited time. You will get a two minute add and then if you close the app it will have a song not from your playlist. Then after a while you can’t choose what songs you listen to. Overall it’s good,One flaw - I like how you can choose any music you want but only for a limited time. You will get a two minute add and then if you close the app it will have a song not from your playlist. Then after a while you can't choose what songs you listen to. Overall it's good,Spotify iOS,en,US
appstore-14207326254,app_store,https://apps.apple.com/us/app/spotify-music-and-podcasts/id324684580,user_a76aa7,2026-06-23T04:15:16.683Z,Music - This music is awesome! Easy to listen to and the Ai shuffle feature is great. It plays songs that I’ve never heard that are amazing!! Use Spotify for music,Music - This music is awesome! Easy to listen to and the Ai shuffle feature is great. It plays songs that I've never heard that are amazing!! Use Spotify for music,Spotify iOS,en,US
appstore-14207287924,app_store,https://apps.apple.com/us/app/spotify-music-and-podcasts/id324684580,user_0c659f,2026-06-23T04:15:16.683Z,Review - I enjoyed having Spotify for 3 years and it’s been the only music platform I use! It gives you recommendations for the type of music you listen.,Review - I enjoyed having Spotify for 3 years and it's been the only music platform I use! It gives you recommendations for the type of music you listen.,Spotify iOS,en,US
appstore-14207242461,app_store,https://apps.apple.com/us/app/spotify-music-and-podcasts/id324684580,user_119939,2026-06-23T04:15:16.683Z,"Helps with my depression lol - I absolutely love Spotify. I’m a bit biased, considering I have premium, but still. I love the interface, love how it recommends you stuff. They aren’t random! A lot of my favorite bands or artists are from the recommendations! (:","Helps with my depression lol - I absolutely love Spotify. I'm a bit biased, considering I have premium, but still. I love the interface, love how it recommends you stuff. They aren't random! A lot of my favorite bands or artists are from the recommendations! (:",Spotify iOS,en,US
appstore-14207110494,app_store,https://apps.apple.com/us/app/spotify-music-and-podcasts/id324684580,user_177aa9,2026-06-23T04:15:17.346Z,"Good app on a decline - I love Spotify for obvious reasons. I just have a problem with some features. DJ X was good, but now you can “eat your playlist”, and that was okay until messaging??? What’s the point of that! All devices have messaging; a basic feature. Are the devs bored? Let your developers focus on UI and UX improvements, like sometimes when the song name and artist overlap.
Also the website pisses me off. Doesn’t even recognize you when you log in. Won’t let you vote.","Good app on a decline - I love Spotify for obvious reasons. I just have a problem with some features. DJ X was good, but now you can ""eat your playlist"", and that was okay until messaging??? What's the point of that! All devices have messaging; a basic feature. Are the devs bored? Let your developers focus on UI and UX improvements, like sometimes when the song name and artist overlap. Also the website pisses me off. Doesn't even recognize you when you log in. Won't let you vote.",Spotify iOS,en,US
appstore-14207044889,app_store,https://apps.apple.com/us/app/spotify-music-and-podcasts/id324684580,user_f90e62,2026-06-23T04:15:17.346Z,Pay to pick your songs - Why do I have to pay to pick my own songs and I can’t take it off shuffle like why was starting to like Spotify but I might as well go back to Apple Music,Pay to pick your songs - Why do I have to pay to pick my own songs and I can't take it off shuffle like why was starting to like Spotify but I might as well go back to Apple Music,Spotify iOS,en,US
appstore-14206969076,app_store,https://apps.apple.com/us/app/spotify-music-and-podcasts/id324684580,user_23766f,2026-06-23T04:15:17.346Z,Do better - I always go to my playlist because why wouldn't I? Anyway one song would finish and then a completely random song would play after like not even a song in my playlist and now I can't even listen to my own music,Do better - I always go to my playlist because why wouldn't I? Anyway one song would finish and then a completely random song would play after like not even a song in my playlist and now I can't even listen to my own music,Spotify iOS,en,US
appstore-14206894755,app_store,https://apps.apple.com/us/app/spotify-music-and-podcasts/id324684580,user_8e8db8,2026-06-23T04:15:17.346Z,"If you don’t already have it and you want it get premium. The only way you’ll like it. - Like I said the only way you’ll like it if you have premium since unpaid is buns, but it is worth it, I’ve had it on different accounts for 4 years, and it has podcasts, a wide variety of songs, and also will  make you personally curated playlists you’ll like. I just wish with premium you can change the wallpaper and lyric background and stuff yk?","If you don't already have it and you want it get premium. The only way you'll like it. - Like I said the only way you'll like it if you have premium since unpaid is buns, but it is worth it, I've had it on different accounts for 4 years, and it has podcasts, a wide variety of songs, and also will make you personally curated playlists you'll like. I just wish with premium you can change the wallpaper and lyric background and stuff yk?",Spotify iOS,en,US
appstore-14206878991,app_store,https://apps.apple.com/us/app/spotify-music-and-podcasts/id324684580,user_fc4c1b,2026-06-23T04:15:17.346Z,Spotify is super good - It is super good  just there are ads and u don’t get unlimited skips and u cant go back or pick a song from ur playlist unless u buy the premium with all of that and no ads,Spotify is super good - It is super good just there are ads and u don't get unlimited skips and u cant go back or pick a song from ur playlist unless u buy the premium with all of that and no ads,Spotify iOS,en,US
appstore-14206735653,app_store,https://apps.apple.com/us/app/spotify-music-and-podcasts/id324684580,user_dd3677,2026-06-23T04:15:17.988Z,So good - So I like it because I can listen to any song and make my own playlist and I can listen to a lot and yea,So good - So I like it because I can listen to any song and make my own playlist and I can listen to a lot and yea,Spotify iOS,en,US
appstore-14206709826,app_store,https://apps.apple.com/us/app/spotify-music-and-podcasts/id324684580,user_996418,2026-06-23T04:15:17.988Z,Best Music Platform - I absolutely love Spotify! All the music I need and ever want to listen to is available here and it's super easy to make playlists and share playlists. I love the aesthetics of the user interface. I've tried all of the music platforms and this is by far my favorite. No issues so far or no recommendations on enhancements.,Best Music Platform - I absolutely love Spotify! All the music I need and ever want to listen to is available here and it's super easy to make playlists and share playlists. I love the aesthetics of the user interface. I've tried all of the music platforms and this is by far my favorite. No issues so far or no recommendations on enhancements.,Spotify iOS,en,US
appstore-14206705044,app_store,https://apps.apple.com/us/app/spotify-music-and-podcasts/id324684580,user_ecd8cc,2026-06-23T04:15:17.988Z,"Free tier pointless now - Been using free tier since 2019 on iPad and didn’t mind having to listen to ads. Now, free tier is completely worthless with forced mix shuffle & no ability to choose what you listen to. 
I listen to albums start to finish so Spotify is essentially pointless now. Not getting premium just to play the music I want to hear. After 7 years I guess it’s time to dump Spotify & delete account.","Free tier pointless now - Been using free tier since 2019 on iPad and didn't mind having to listen to ads. Now, free tier is completely worthless with forced mix shuffle & no ability to choose what you listen to. I listen to albums start to finish so Spotify is essentially pointless now. Not getting premium just to play the music I want to hear. After 7 years I guess it's time to dump Spotify & delete account.",Spotify iOS,en,US
appstore-14206676867,app_store,https://apps.apple.com/us/app/spotify-music-and-podcasts/id324684580,user_f6d611,2026-06-23T04:15:17.988Z,Long live Spotify - Love being able to create my own playlist with no bs pandora sucks,Long live Spotify - Love being able to create my own playlist with no bs pandora sucks,Spotify iOS,en,US
appstore-14206588161,app_store,https://apps.apple.com/us/app/spotify-music-and-podcasts/id324684580,user_be23cb,2026-06-23T04:15:17.988Z,"Spotify Review - Spotify is my favorite music app! It has any song you could think of. I love Spotify because of the simplicity of the app. Also whenever I make a playlist, it recommends songs to add! I appreciate how Spotify recommends music that I prefer, and not random songs like some other music apps do. Spotify is a fantastic app that I would definitely recommend!","Spotify Review - Spotify is my favorite music app! It has any song you could think of. I love Spotify because of the simplicity of the app. Also whenever I make a playlist, it recommends songs to add! I appreciate how Spotify recommends music that I prefer, and not random songs like some other music apps do. Spotify is a fantastic app that I would definitely recommend!",Spotify iOS,en,US
appstore-14206519525,app_store,https://apps.apple.com/us/app/spotify-music-and-podcasts/id324684580,user_391573,2026-06-23T04:15:17.988Z,Life - This platform that allows me to have multiple genres as playlists is amazing.,Life - This platform that allows me to have multiple genres as playlists is amazing.,Spotify iOS,en,US
appstore-14206509051,app_store,https://apps.apple.com/us/app/spotify-music-and-podcasts/id324684580,user_5c0d2d,2026-06-23T04:15:17.988Z,expensive af - repeats the same 30 songs from my favorites playlist mind you I have hundreds of songs on there.,expensive af - repeats the same 30 songs from my favorites playlist mind you I have hundreds of songs on there.,Spotify iOS,en,US